<resources>
    <string name="app_name">XamarinToDoAPI</string>
    <string name="action_settings">Settings</string>
    <string name="user_name">Username</string>
    <string name="password">Password</string>
    <string name="login">Login</string>
    <string name="get_tasks">Get user posts</string>
    <string name="submit_task">Submit task</string>
    <string name="back_btn">Go back</string>
    <string name="desc">Description</string>
    <string name="title">Title</string>
</resources>
